{
  "meta": {
    "timestamp": "2026-07-11T03:21:33.876289+00:00",
    "host": "NEX-210200",
    "platform": "Windows-11-10.0.26200-SP0",
    "processor": "Intel64 Family 6 Model 183 Stepping 1, GenuineIntel",
    "python": "3.13.7",
    "numpy": "2.4.6",
    "d": 10,
    "n_clusters": 20,
    "max_gb": 55.0
  },
  "correctness": null,
  "results": [
    {
      "n": 48000,
      "d": 10,
      "dtype": "f64",
      "matrix_gb": 18.432,
      "stages": {
        "ivat": {
          "time_ms": 12829.063499999393,
          "peak_gb": 36.870656,
          "delta_gb": 18.35982848
        },
        "ivat_inplace": {
          "time_ms": 13517.283399998632,
          "peak_gb": 18.510716928,
          "delta_gb": 0.0
        }
      }
    },
    {
      "n": 64000,
      "d": 10,
      "dtype": "f64",
      "matrix_gb": 32.768,
      "stages": {
        "ivat": null,
        "ivat_inplace": {
          "time_ms": 25200.305200000003,
          "peak_gb": 32.8479744,
          "delta_gb": 0.0
        }
      }
    }
  ]
}